"count_date","location","lng","lat","count_id","time_trend","daily_cars","daily_bus","daily_peds","daily_bike"
2012-01-10,"EVANS AVE AT TREEVIEW DR (PX 2250)",-79.536352,43.613525,28289,9,8658,143,109,5
2012-01-18,"BURNHAMTHORPE RD AT SHAVER AVE N",-79.55169676,43.6481778,28257,17,7123,250,200,22
2012-01-25,"BURNHAMTHORPE RD AT LAUREL AVE",-79.5555838,43.64727527,28269,24,7090,225,55,4
2012-01-26,"SHERWAY GT AT SHERWAY GARDENS ACCESS",-79.55690359,43.6101261810529,28271,25,6474,156,410,5
2012-01-26,"THE EAST MALL AT CLOVERDALE MALL EXIT WEST OF YARN RD",-79.55373688,43.63232441,28267,25,8621,109,14,3
2012-02-01,"THE EAST MALL AT VALHALLA INN ROAD (PX 2335)",-79.55769799,43.641484,28295,31,8819,170,288,8
2012-02-02,"HOLIDAY DR AT THE WEST MALL (PX 2215)",-79.568707,43.649406,28297,32,5679,197,585,11
2012-02-08,"OVIDA AVE AT SHAVER AVE",-79.54607217,43.63446736,28345,38,2718,9,93,5
2012-02-09,"SHAVER AVE S AT STATLER AVE",-79.54709192,43.63690854,28347,39,2739,11,77,9
2012-02-15,"PARK LAWN RD AT F G GARDINER EXPY S TCS & ACC TO LEGION (PX 989)",-79.485957,43.625702,28467,45,10723,146,105,2
2012-03-05,"BLOOR ST W AT JANE ST (PX 333)",-79.484483,43.64933,28525,64,16594,235,2516,0
2012-03-21,"DUNBLOOR RD AT DUNDAS ST W (PX 2428)",-79.533457,43.643601,28551,80,9841,298,186,45
2012-04-25,"BROW DR AT FORTY FIRST ST & LAKE SHORE BLVD",-79.5449518,43.59051581,28667,115,10690,191,419,149
2012-04-26,"BURLINGTON ST AT LAKE SHORE BLVD (PX 218)",-79.487348,43.61728,28675,116,8270,170,602,161
2012-04-26,"DUNDAS ST AT NEILSON DR & WEST MALL CRES (PX 883)",-79.562372,43.627342,28665,116,29404,489,255,37
2012-04-26,"HILLSIDE AVE AT LAKE SHORE BLVD W (PX 2136)",-79.490029,43.6111510019527,28679,116,7112,224,393,141
2012-04-26,"LAKE SHORE BLVD AT LEGION RD (PX 1994)",-79.483267,43.620511,28677,116,10844,134,442,194
2012-04-26,"LAKE SHORE BLVD AT MARINE PARADE DR & PARK LAWN RD (PX 230)",-79.481211,43.6229680022022,28689,116,15978,201,195,128
2012-04-26,"LAKE SHORE BLVD W AT ROYAL YORK RD",-79.49316585,43.60365161,28671,116,7952,76,602,160
2012-04-26,"LAKE SHORE BLVD W AT SUPERIOR AVE (PX 231)",-79.488664,43.6149489970499,28681,116,8841,137,2931,182
2012-04-30,"MELROSE ST AT ROYAL YORK RD",-79.49992643,43.61990506,28683,120,8618,307,550,90
2012-05-02,"ELDER AVE AT THIRTIETH ST",-79.53082486,43.5977626440617,28745,122,3712,91,140,48
2012-05-03,"BLOOR ST AT BRENTWOOD RD",-79.51358934,43.6468757979639,28685,123,13335,125,129,89
2012-05-03,"F G GARDINER EXPY ON/OFF RAMPS AT LAKE SHORE BLVD (PX 1944)",-79.47902,43.627305,28747,123,10370,127,176,15
2012-05-08,"PARK LAWN RD AT PARK LAWN GARDINER W RAMP (PX 1055)",-79.487754,43.627105,28749,128,11339,126,46,14
2012-05-17,"CIVIC CENTRE CRT AT THE WEST MALL (PX 1525)",-79.566001,43.642248,28783,137,7474,122,338,58
2012-05-28,"BLOOR ST AT MARKLAND E TCS DR (PX 1016)",-79.57078399,43.633556,28797,148,11034,217,280,117
2012-05-28,"BLOOR ST W AT GREEN LANES",-79.525634,43.6441886772779,28813,148,13207,350,1637,99
2012-05-28,"BLOOR ST W AT OLD MILL TRL",-79.49544373,43.6496050355522,28809,148,14481,117,467,176
2012-05-28,"BLOOR ST W AT RESURRECTION RD",-79.53081571,43.64303677,28811,148,12331,324,347,81
2012-05-30,"BLOOR ST AT MARKLAND W TCS DR (PX 1114)",-79.579827,43.6292910016054,28795,150,13163,199,375,63
2012-05-31,"BLOOR ST W AT ROYAL YORK RD",-79.51136332,43.64736297,28801,151,24937,432,4986,366
2012-06-13,"BLOOR ST W AT BRULE TER",-79.4896084,43.6477710761958,28857,164,14078,7,178,0
2012-06-28,"LEGION RD N AT FGG EXPWY EB OFF RAMP (PX 2040)",-79.489514,43.6251040000627,28899,179,7301,33,12,4
2012-07-18,"KIPLING AVE AT TORLAKE CRES",-79.52364625,43.61413204,28973,199,10485,168,166,35
2012-07-30,"THE QUEENSWAY AT 150M W OF ISLINGTON AVE & THEATRE ENT (PX 1863)",-79.51677,43.6231900027932,29091,211,15312,74,274,26
2012-08-08,"THE QUEENSWAY AT 60M W OF ALGIE AVE & IKEA ENT (PX 1892)",-79.53625,43.61885,29095,220,17371,65,114,13
2012-08-14,"F G GARDINER EXPY W/B OFF RAMP AT KIPLING AVE (PX 1890)",-79.52601799,43.619192,29069,226,21851,169,35,48
2012-08-29,"BURNHAMTHORPE RD AT SHAVER AVE N",-79.55169676,43.6481778,29141,241,6476,226,172,0
2012-08-30,"BROW DR AT FORTY FIRST ST & LAKE SHORE BLVD",-79.5449518,43.59051581,29143,242,11225,155,495,224
2012-09-18,"BLOOR ST AT MILL RD (PX 924)",-79.575159,43.6320410036915,29173,261,11625,196,826,106
2012-09-18,"BLOOR ST AT MONTGOMERY RD (PX 1591)",-79.514571,43.6466699958177,29171,261,14952,54,852,23
2012-09-18,"BLOOR ST AT THE EAST MALL (PX 792)",-79.556709,43.636929,29167,261,28024,678,742,20
2012-09-19,"BLOOR ST AT SHAVER AVE (PX 910)",-79.54777201,43.6390290024517,29165,262,14068,201,333,104
2012-09-19,"BLOOR ST W AT OLD MILL RD & THE KINGSWAY",-79.49921403,43.65006508,29175,262,14599,175,419,129
2012-09-19,"HILLSIDE AVE AT ROYAL YORK RD",-79.49588463,43.6101905236957,29159,262,4583,104,709,260
2012-10-17,"BIRMINGHAM ST AT DWIGHT AVE & MURRIE ST (PX 770)",-79.499006,43.604856,29317,290,3675,18,488,70
2012-10-18,"DWIGHT AVE AT NEW TORONTO ST & STRUTHERS ST (PX 771)",-79.50036799,43.608138,29319,291,3181,5,203,51
2012-11-14,"LAKE SHORE BLVD AT WINDERMERE AVE (PX 229)",-79.468147,43.635189,29365,318,37705,279,439,38
2012-11-21,"JUTLAND RD AT KIPLING AVE (PX 2447)",-79.528846,43.626303,29491,325,19403,357,228,89
2012-11-29,"BLOOR ST AT SOUTH KINGSWAY & RIVERVIEW GARDENS (PX 334)",-79.48575201,43.648312,29471,333,15516,23,1004,106
2012-12-06,"BURNHAMTHORPE RD AT LORRAINE GDNS",-79.54511386,43.6496998120944,29523,340,11259,233,42,3
2013-01-10,"BLOOR ST AT KIPLING AVE (PX 1321)",-79.53536,43.641794003761,29547,375,16604,535,104,2
2013-02-05,"NORTH QUEEN ST AT 137M W OF INDEX ROAD & PRIVATE ACCESS (PX 2309)",-79.55527,43.61912,29579,401,9515,46,168,6
2013-02-14,"DUNDAS ST W AT EAST MALL CRES (PX 915)",-79.54982,43.630377,29597,410,24315,905,850,18
2013-02-19,"BROWNS LINE AT VALERMO DR (PX 762)",-79.547135,43.6060240034788,29609,415,15160,62,170,7
2013-02-19,"DUNDAS ST W AT PAULART DR (PX 511)",-79.546924,43.6310220002373,29599,415,20006,944,243,4
2013-03-12,"DUNDAS ST W AT SHAVER AVE & SHORNCLIFFE RD (PX 778)",-79.544701,43.6321199986147,29669,436,23889,1026,533,10
2013-03-13,"BIRMINGHAM ST AT KIPLING AVE (PX 767)",-79.51802299,43.600682,29671,437,9235,204,794,38
2013-04-15,"ISLINGTON AVE AT NORSEMAN ST (PX 705)",-79.519131,43.634217,29805,470,18799,265,856,12
2013-05-15,"BETA ST AT HORNER AVE (PX 1957)",-79.538539,43.603208,29861,500,5905,82,350,12
2013-06-22,"PARK LAWN RD AT THE QUEENSWAY (PX 564)",-79.490364,43.62905,29991,538,21784,86,231,165
2013-07-10,"BLOOR ST AT SOUTH KINGSWAY & RIVERVIEW GARDENS (PX 334)",-79.48575201,43.648312,30101,556,18510,281,1034,47
2013-07-15,"THE EAST MALL AT VICKERS RD",-79.5517707,43.62956151,30105,561,5119,21,10,16
2013-07-30,"EVANS AVE AT THE EAST MALL (PX 892)",-79.54380601,43.6118289974132,30127,576,12725,124,131,47
2013-07-31,"BESTOBELL RD AT EVANS AVE (PX 2145)",-79.540264,43.6126289958993,30131,577,10250,79,127,56
2013-07-31,"EVANS AVE AT SHERWAY GT (PX 923)",-79.556419,43.6089890010863,30129,577,12855,226,277,52
2013-09-04,"THE EAST MALL AT THE QUEENSWAY (PX 911)",-79.546287,43.6164190042903,30419,612,26537,140,222,72
2013-09-18,"ISLINGTON AVE AT JUTLAND RD (PX 908)",-79.516986,43.628944,30441,626,17286,245,708,73
2013-09-30,"HOLBROOKE AVE AT THE QUEENSWAY (PX 2466)",-79.500428,43.626828,30297,638,14997,93,527,106
2013-09-30,"ROYAL YORK RD AT SYMONS ST",-79.49479348,43.6075597311778,30273,638,3587,126,261,83
2013-10-05,"TAYMALL AVE AT THE QUEENSWAY & WADSWORTH BLVD (PX 566)",-79.507241,43.6253250020155,30323,643,18020,37,376,56
2013-10-07,"BURNHAMTHORPE RD AT SHAVER AVE N",-79.55169676,43.6481778,30271,645,12275,234,108,14
2013-10-15,"TAYMALL AVE AT THE QUEENSWAY & WADSWORTH BLVD (PX 566)",-79.507241,43.6253250020155,30355,653,21579,110,448,115
2013-10-22,"BROWNS LINE AT LAKE SHORE BLVD (PX 242)",-79.542834,43.5922950040153,30381,660,10274,402,415,38
2013-11-04,"KIPLING AVE AT THE QUEENSWAY (PX 568)",-79.52674101,43.6209179956827,30431,673,33401,274,323,25
2013-11-27,"BURNHAMTHORPE RD AT THE WEST MALL (PX 875)",-79.56725,43.644552,30499,696,25069,463,1128,11
2013-12-04,"KIPLING AVE AT NORTH QUEEN ST (PX 724)",-79.528552,43.6252069969846,30557,703,20825,279,568,2
2013-12-05,"KIPLING AVE AT LAKE SHORE BLVD (PX 237)",-79.51695,43.598198,30511,704,18341,476,6478,22
2013-12-10,"ISLINGTON AVE AT LAKE SHORE BLVD & SEVENTH ST (PX 1325)",-79.505274,43.600761,30537,709,8903,262,2013,2
2013-12-11,"KIPLING AVE AT NEW TORONTO ST (PX 1322)",-79.519358,43.603971,30535,710,10109,245,641,3
2014-01-27,"KIPLING AVE AT NORSEMAN ST (PX 725)",-79.53106899,43.6314829961288,30605,757,18780,506,300,11
2014-01-29,"LAKE SHORE BLVD AT 22ND ST & 23RD ST (PX 238)",-79.521318,43.5972060023721,30611,759,15395,215,2967,5
2014-01-30,"NORTH QUEEN ST AT 186M EAST OF THE EAST MALL AT LAWES DRIVEW",-79.54546702,43.62137646,30627,760,6776,127,3,0
2014-02-04,"LAKE SHORE BLVD AT THIRTEENTH ST (PX 1689)",-79.511849,43.599327,30633,765,8010,238,644,4
2014-02-11,"HORNER AVE AT KIPLING AVE (PX 764)",-79.520751,43.6072009967797,30625,772,14708,413,699,2
2014-02-15,"CANMOTOR AVE AT LADY BANK RD & THE QUEENSWAY (PX 1338)",-79.511689,43.624341,30619,776,17647,41,277,26
2014-02-15,"PLASTICS AVE AT THE QUEENSWAY",-79.50998749,43.6247113045492,30621,776,17165,39,240,23
2014-02-18,"CANMOTOR AVE AT LADY BANK RD & THE QUEENSWAY (PX 1338)",-79.511689,43.624341,31303,779,16795,53,300,0
2014-02-18,"LAKE SHORE BLVD AT THIRTIETH ST (PX 239)",-79.529768,43.595323,30635,779,10559,302,638,4
2014-02-18,"PLASTICS AVE AT THE QUEENSWAY",-79.50998749,43.6247113045492,31305,779,16499,50,231,0
2014-02-19,"LAKE SHORE BLVD AT TENTH ST (PX 236)",-79.508632,43.600017,30713,780,7379,222,1503,1
2014-04-09,"HORNER AVE AT JUDSON ST",-79.51582543,43.6120848061198,30753,829,4197,81,61,27
2014-04-10,"JUDSON ST AT ROYAL YORK RD",-79.49836749,43.61617394,31025,830,10039,171,341,128
2014-04-24,"BERING AVE AT ISLINGTON AVE (PX 1088)",-79.521222,43.6393769963967,31041,844,15954,170,400,12
2014-04-24,"CENTRAL PARK RDWY AT CORDOVA AVE & ISLINGTON AVE (PX 1771)",-79.525091,43.6483820039012,31039,844,16927,561,1330,29
2014-04-29,"BIRMINGHAM ST AT ISLINGTON AVE (PX 1312)",-79.506308,43.603267,31141,849,7844,99,456,4
2014-04-29,"BLOOR ST AT ISLINGTON AVE (PX 339)",-79.523438,43.644648,31149,849,29553,749,2642,8
2014-04-29,"EVANS AVE AT ISLINGTON AVE (PX 775)",-79.51132799,43.6183930020764,31177,849,17156,248,257,6
2014-04-29,"ISLINGTON AVE AT JUDSON ST (PX 1314)",-79.508429,43.6137079977673,31175,849,9968,163,89,9
2014-04-29,"ISLINGTON AVE AT NEW TORONTO ST (PX 1313)",-79.506569,43.6067659959568,31173,849,7685,83,118,7
2014-04-29,"ISLINGTON AVE AT TITAN RD (PX 1885)",-79.51776201,43.6308760028703,31179,849,16537,185,321,7
2014-05-03,"BLOOR ST AT ISLINGTON AVE (PX 339)",-79.523438,43.644648,31151,853,24704,385,1833,37
2014-05-03,"ISLINGTON AVE AT TITAN RD (PX 1885)",-79.51776201,43.6308760028703,31143,853,16165,92,302,9
2014-05-21,"ROYAL YORK RD AT YORKVIEW DR",-79.5044773,43.63080556,30887,871,7811,396,1342,107
2014-05-27,"KEANE AVE AT THE EAST MALL",-79.56016513,43.6486440695433,30899,877,7054,153,813,18
2014-06-02,"HIGH ST AT THE QUEENSWAY",-79.48307492,43.6306426427261,30997,883,21038,192,312,221
2014-06-07,"BIRMINGHAM ST AT ISLINGTON AVE (PX 1312)",-79.506308,43.603267,30989,888,6668,45,359,186
2014-06-16,"BROWNS LINE AT WOODBURY RD (PX 2477)",-79.544163,43.5993,31085,897,9299,168,276,49
2014-06-23,"LAKE SHORE BLVD AT LOUISA ST",-79.48647011,43.61892783,31089,904,7780,103,429,284
2014-07-03,"EVANS AVE AT OURLAND AVE",-79.50939989,43.6190370118205,31263,914,5754,96,48,57
2014-07-15,"BLOOR ST AT SOUTH KINGSWAY & RIVERVIEW GARDENS (PX 334)",-79.48575201,43.648312,31313,926,18423,1,1630,237
2014-07-30,"KIPLING AVE AT WARNICA AVE",-79.52755057,43.6228000515258,31309,941,13797,233,109,12
2014-09-18,"HILLSIDE AVE AT ROYAL YORK RD",-79.49588463,43.6101905236957,31419,991,5121,153,445,225
2014-09-22,"CRENDON DR AT RENFORTH DR (SOUTH INTERSECTION)",-79.57354728,43.6450960057069,31423,995,3423,16,135,52
2014-09-23,"BLOOR ST AT NEILSON DR (PX 2210)",-79.567229,43.6344499969643,31363,996,13027,271,120,50
2014-09-25,"KENRIDGE AVE AT PRINCE EDWARD DR S",-79.50100431,43.63818685,31415,998,4194,133,85,46
2014-09-29,"THE EAST MALL AT YARN RD (PX 2337)",-79.553736,43.6323239958038,31385,1002,8274,112,615,43
2014-09-30,"BURNHAMTHORPE RD AT MILL RD (PX 1300)",-79.584368,43.639205,31431,1003,21882,249,629,24
2014-10-04,"BLOOR ST W AT ROYAL YORK RD",-79.51136332,43.64736297,31475,1007,20111,146,1833,129
2014-10-04,"ROYAL YORK RD AT THE QUEENSWAY",-79.50263229,43.6263363553122,31481,1007,21449,192,1342,249
2014-10-06,"BLOOR ST W AT ROYAL YORK RD",-79.51136332,43.64736297,31477,1009,22196,300,3056,161
2014-10-06,"ROYAL YORK RD AT THE QUEENSWAY",-79.50263229,43.6263363553122,31483,1009,22563,315,1832,266
2014-11-22,"EVANS AVE AT KIPLING AVE (PX 765)",-79.524628,43.615873,31631,1056,21108,119,167,19
2014-11-22,"KIPLING AVE AT LAKE SHORE BLVD (PX 237)",-79.51695,43.598198,31629,1056,12963,239,2383,86
2014-11-24,"EVANS AVE AT KIPLING AVE (PX 765)",-79.524628,43.615873,31511,1058,24047,393,511,19
2014-11-25,"EAST MALL CRES AT THE EAST MALL (PX 904)",-79.552338,43.6314350009769,31535,1059,13121,115,233,22
2014-11-26,"BURNHAMTHORPE RD AT THE EAST MALL (PX 948)",-79.559992,43.646303,31533,1060,27040,336,569,16
2014-12-02,"KIPLING AVE AT THE QUEENSWAY (PX 568)",-79.52674101,43.6209179956827,31573,1066,30624,330,355,14
2014-12-03,"COLBORNE LODGE DR AT LAKE SHORE BLVD (PX 1456)",-79.458966,43.6379699968623,31559,1067,35611,351,56,176
2014-12-03,"LAKE SHORE BLVD AT PALACE PIER CT (PX 2034)",-79.47554,43.631262,31655,1067,5979,78,54,8
2014-12-08,"F G GARDINER EXPY ON/OFF RAMPS AT LAKE SHORE BLVD (PX 1944)",-79.47902,43.627305,31653,1072,10026,151,195,10
2014-12-15,"ELLIS AVE AT LAKE SHORE BLVD (PX 228)",-79.46528499,43.6363540019529,31585,1079,32938,311,83,211
2014-12-15,"THE QUEENSWAY AT 80M E OF HIGH ST & HUMBER TREATMENT PT (PX 2005)",-79.48207,43.63087,31647,1079,18474,447,531,41
2014-12-16,"BURNHAMTHORPE RD AT KIPLING AVE (PX 726)",-79.539395,43.650977,31691,1080,20955,491,200,2
2014-12-16,"KIPLING AVE AT MATTICE AVE & MATTICE RD (PX 1867)",-79.53763,43.646967,31681,1080,13270,337,146,4
2014-12-16,"KIPLING AVE AT OLIVEWOOD RD (PX 1323)",-79.53274,43.635527,31675,1080,18842,236,237,1
2014-12-16,"KIPLING AVE AT TORLAKE CRES (PX 946)",-79.522552,43.611542,31737,1080,9479,225,114,0
2014-12-16,"THE EAST MALL AT VALHALLA INN ROAD (PX 2335)",-79.55769799,43.641484,31705,1080,10726,141,258,6
2014-12-18,"LAKE SHORE BLVD AT LEGION RD (PX 1994)",-79.483267,43.620511,31667,1082,8611,164,457,33
2014-12-18,"LAKE SHORE BLVD AT MARINE PARADE DR & PARK LAWN RD (PX 230)",-79.481211,43.6229680022022,31673,1082,16021,315,752,17
2014-12-18,"LAKE SHORE BLVD W AT ROYAL YORK RD",-79.49316585,43.60365161,31665,1082,6895,233,357,62
2014-12-18,"MIMICO AVE AT ROYAL YORK RD",-79.49675006,43.61223592,31739,1082,6159,189,895,38
2014-12-18,"PARK LAWN RD AT F G GARDINER EXPY S TCS & ACC TO LEGION (PX 989)",-79.485957,43.625702,31671,1082,14812,272,196,1
2014-12-18,"PARK LAWN RD AT PARK LAWN GARDINER W RAMP (PX 1055)",-79.487754,43.627105,31669,1082,14712,262,133,3
2014-12-20,"BURNHAMTHORPE RD AT KIPLING AVE (PX 726)",-79.539395,43.650977,31645,1084,19840,294,172,9
2018-11-01,"BELLMAN AVE AT EVANS AVE",-79.53330913,43.61420077,37835,2496,12199,99,28,19
2018-11-01,"SOUTH KINGSWAY AT VERBENA AVE",-79.48400243,43.64665577,37843,2496,9552,24,127,9
2018-11-20,"EVANS AVE AT SHERWAY GT (PX 923)",-79.556419,43.6089890010863,37863,2515,13587,259,319,11
2018-11-29,"PAXMAN RD AT THE WEST MALL",-79.55955146,43.62407225,37929,2524,10966,44,51,5
2018-12-04,"BOTFIELD AVE AT BURNHAMTHORPE RD",-79.54218266,43.6503783,37957,2529,14707,213,54,12
2018-12-04,"ROYAL YORK RD AT HAY AVE",-79.49964491,43.6191984419552,37905,2529,9320,202,846,45
2018-12-15,"DUNDAS ST AT NEILSON DR & WEST MALL CRES (PX 883)",-79.562372,43.627342,37987,2540,27503,192,139,11
2018-12-15,"DUNDAS ST W AT EAST MALL CRES (PX 915)",-79.54982,43.630377,37991,2540,21955,574,792,16
2018-12-15,"DUNDAS ST W AT SHAVER AVE & SHORNCLIFFE RD (PX 778)",-79.544701,43.6321199986147,38019,2540,21512,662,402,15
2018-12-15,"EAST MALL CRES AT THE EAST MALL (PX 904)",-79.552338,43.6314350009769,37995,2540,15319,69,366,13
2018-12-18,"BLOOR ST AT FORESTVIEW RD & MAPLEDAWN RD (PX 1835)",-79.573424,43.632784,38097,2543,12382,193,543,4
2018-12-18,"BLOOR ST AT MARKLAND E TCS DR (PX 1016)",-79.57078399,43.633556,38099,2543,14549,181,311,14
2018-12-18,"BLOOR ST AT MILL RD (PX 924)",-79.575159,43.6320410036915,38095,2543,14088,192,1126,16
2018-12-18,"DUNDAS ST AT NEILSON DR & WEST MALL CRES (PX 883)",-79.562372,43.627342,37985,2543,30033,392,181,8
2018-12-18,"DUNDAS ST W AT EAST MALL CRES (PX 915)",-79.54982,43.630377,37989,2543,24379,1038,1271,9
2018-12-18,"DUNDAS ST W AT PAULART DR (PX 511)",-79.546924,43.6310220002373,37993,2543,20263,1045,798,5
2018-12-18,"DUNDAS ST W AT SHAVER AVE & SHORNCLIFFE RD (PX 778)",-79.544701,43.6321199986147,38017,2543,24541,1152,658,12
2018-12-18,"EAST MALL CRES AT THE EAST MALL (PX 904)",-79.552338,43.6314350009769,38037,2543,15332,111,366,15
2018-12-19,"BLOOR ST AT MARKLAND W TCS DR (PX 1114)",-79.579827,43.6292910016054,38093,2544,11133,139,471,16
2018-12-19,"BLOOR ST AT SHAVER AVE (PX 910)",-79.54777201,43.6390290024517,38101,2544,13313,186,275,20
2018-12-19,"BLOOR ST W AT WILMAR RD (PX 2212)",-79.544506,43.639778,38103,2544,11615,192,102,18
2018-12-20,"ABERFOYLE CR AT BLOOR ST & GARDENVALE RD (PX 1402)",-79.518977,43.645666,38107,2545,17348,34,1010,47
2018-12-20,"AUKLAND RD AT BLOOR ST (PX 1516)",-79.540627,43.6406410043174,38105,2545,13568,546,313,17
2018-12-20,"BLOOR ST AT 47M E OF JACKSON AVE (PX 340)",-79.508356,43.648028,38113,2545,14013,21,1515,23
2018-12-20,"BLOOR ST AT MONTGOMERY RD (PX 1591)",-79.514571,43.6466699958177,38109,2545,16638,33,1455,33
2018-12-20,"BLOOR ST W AT ROYAL YORK RD",-79.51136332,43.64736297,38111,2545,23921,249,10997,44
2019-01-10,"INVERNESS AVE AT ISLINGTON AVE 

",-79.51545195,43.62525336,38219,2566,16589,194,40,7
2019-01-15,"ARMADALE AVE AT BLOOR ST W (PX 2404)",-79.48296801,43.6496870031299,38251,2571,12534,232,4590,49
2019-01-15,"BLOOR ST AT ISLINGTON AVE (PX 339)",-79.523438,43.644648,38245,2571,27847,794,5216,16
2019-01-15,"BLOOR ST AT THE EAST MALL (PX 792)",-79.556709,43.636929,38241,2571,22308,289,670,16
2019-01-19,"BLOOR ST AT ISLINGTON AVE (PX 339)",-79.523438,43.644648,38247,2575,18498,480,1275,2
2019-01-19,"BLOOR ST AT THE EAST MALL (PX 792)",-79.556709,43.636929,38243,2575,15012,169,217,2
2019-01-26,"BLOOR ST AT PRINCE EDWARD DR (PX 337)",-79.505453,43.648691,38249,2582,14637,95,546,3
2019-01-26,"BLOOR ST AT SOUTH KINGSWAY & RIVERVIEW GARDENS (PX 334)",-79.48575201,43.648312,38297,2582,15939,15,1209,11
2019-01-26,"BLOOR ST AT THE WEST MALL (PX 793)",-79.562318,43.6356250029797,38239,2582,16787,160,560,11
2019-02-21,"GIBBS ROAD AT THE EAST MALL",-79.55721571,43.63833449,38399,2608,10630,129,173,7
2019-02-21,"THE QUEENSWAY AT SHERWAY GARDENS RD (PX 887)",-79.552265,43.61506799749,38401,2608,27571,50,29,5
2019-04-10,"BLOOR ST AT THE EAST MALL (PX 792)",-79.556709,43.636929,38653,2656,21521,291,730,41
2019-05-16,"BLOOR ST W AT RIVERSIDE DR W",-79.49084435,43.6481015,38901,2692,13629,187,165,106
2019-05-22,"BLOOR ST W AT MARTIN GROVE RD",-79.54504644,43.63967284,38919,2698,10167,200,169,41
2019-05-22,"BLOOR ST W AT WILMAR RD (PX 2212)",-79.544506,43.639778,38921,2698,10021,199,98,41
2019-05-22,"BURNHAMTHORPE RD AT MARTIN GROVE RD (PX 785)",-79.548981,43.6488059964487,38917,2698,16724,221,284,31
2019-05-22,"DRIVEWAY TO #451 THE WEST MALL",-79.56783871,43.64702301,38939,2698,5653,118,304,22
2019-05-22,"ISLINGTON AVE AT NORSEMAN ST (PX 705)",-79.519131,43.634217,38943,2698,21975,190,1036,74
2019-05-22,"KIPLING AVE AT LAKE SHORE BLVD (PX 237)",-79.51695,43.598198,38949,2698,11381,403,4079,116
2019-05-22,"KIPLING AVE AT NORSEMAN ST (PX 725)",-79.53106899,43.6314829961288,38937,2698,15416,294,325,42
2019-05-22,"KIPLING AVE AT NORTH QUEEN ST (PX 724)",-79.528552,43.6252069969846,38933,2698,19364,322,248,44
2019-05-22,"KIPLING AVE AT WARNICA AVE",-79.52755057,43.6228000515258,38935,2698,13621,319,115,32
2019-05-23,"MORNINGSIDE AVE AT WINDERMERE AVE (PX 2525)",-79.478395,43.64494,38773,2699,6118,176,983,23
2019-06-18,"CENTRAL PARK RDWY AT CORDOVA AVE - WEST INTERSECTION",-79.52696429,43.64794059,38997,2725,6042,221,733,36
2019-06-18,"DELROY DR AT ROYAL YORK RD",-79.50392318,43.6294913348929,39005,2725,7964,238,275,219
2019-06-18,"NORSEMAN ST AT ROYAL YORK RD",-79.50705275,43.63694433,39021,2725,10683,250,708,258
2019-06-18,"NORTH QUEEN ST AT INDEX RD",-79.55375074,43.61947511,39023,2725,12827,43,369,26
2019-06-18,"NORTH QUEEN ST AT NOVA RD (PX 1927)",-79.55696,43.616107002455,39015,2725,10821,47,431,13
2019-06-18,"NORTH QUEEN ST AT SHORNCLIFFE RD (PX 1327)",-79.54066899,43.622472,39019,2725,12491,110,93,46
2019-06-18,"NORTH QUEEN ST AT THE EAST MALL (PX 1056)",-79.549415,43.620475,39017,2725,17912,119,456,40
2019-06-18,"NORTH QUEEN ST AT THE QUEENSWAY (PX 917)",-79.556154,43.614217,39013,2725,23757,97,483,31
2019-06-18,"ROYAL YORK RD AT YORKVIEW DR",-79.5044773,43.63080556,39003,2725,7919,239,649,240
2019-06-20,"LORNE AVE AT PARK LAWN RD",-79.49109485,43.6308054658199,39007,2727,6502,78,224,26
2019-06-20,"PARK LAWN RD AT RINGLEY AVE",-79.49078015,43.63006283,39009,2727,6978,80,117,28
2019-06-20,"STEPHEN DR AT THE QUEENSWAY (PX 563)",-79.484262,43.630381,39011,2727,19672,107,334,68
2019-07-11,"ARMADALE AVE AT BLOOR ST W (PX 2404)",-79.48296801,43.6496870031299,38975,2748,10387,233,4381,205
2019-07-25,"PARK LAWN RD AT DRIVEWAY TO 88/90 PARK LAWN RD",-79.48336957,43.6238120317075,39167,2762,14033,81,9,127
2019-11-05,"FOLKES ST AT JANE ST",-79.48513553,43.650907242034,39263,2865,6737,355,623,12
2019-12-05,"MOYNES AVE AND WINSLOW ST AT THE QUEENSWAY",-79.49856916,43.6272365,39313,2895,11040,127,103,6
2019-12-17,"CORDOVA AVE AT MABELLE AVE",-79.5255089,43.6472038937279,39329,2907,3375,150,1123,1
2019-12-18,"CIVIC CENTRE CRT AT THE WEST MALL (PX 1525)",-79.566001,43.642248,40279,2908,7008,152,211,3
2019-12-18,"LAKE SHORE BLVD AT THIRTY-SEVENTH ST (PX 241)",-79.53817999,43.5933960003354,39587,2908,11958,185,1405,13
2019-12-18,"LAKE SHORE BLVD W ATTWENTIETH ST",-79.51914461,43.5977,39595,2908,7671,201,891,17
2019-12-18,"THE WEST MALL AT WAULRON ST",-79.56224375,43.61983198,39443,2908,8623,48,47,1
2019-12-19,"BLOOR ST W AT LAUREL AVE",-79.55147943,43.63817659,39593,2909,12150,237,42,4
2019-12-19,"ISLINGTON AVE AT GRAYSTONE GNDS AND SPRINGBROOK GNDS",-79.52168134,43.64053925,39713,2909,16972,229,313,2
2019-12-19,"LOMA RD AT THE QUEENSWAY",-79.50885689,43.6249731134868,39551,2909,17073,82,165,10
2020-01-22,"ISLINGTON AVE AT MARKET GARDEN MEWS",-79.51444586,43.62290263,39339,2943,18706,232,82,2
2020-02-12,"MAYFIELD AVE AT WINDERMERE AVE",-79.47989194,43.64866138,39921,2964,3887,20,750,24
2020-02-25,"LAKE SHORE BLVD W AT LONG BRANCH AVE (PX 240)",-79.534016,43.594361,39943,2977,9548,83,1522,28
